OBJECTID_1,OBJECTID,WARD,PARCEL,PID_LONG,WPD,BATCH,Petition,Name_of_Pr,Areas_Desi,Address,Neighborho,Date_Desig,PID,F8,URL,ShapeSTArea,ShapeSTLength
515,713,5,1227,0501227000,05-06-060,0,15,Arlington Street Church,Exterior only (Parcel 1227),355 Boylston Street,Back Bay,4/25/1978,0501227000,Yes,http://bit.ly/1hxPmFI,18020.3220214844,545.605151905861
516,2503,7,2940,0702940000,07-09-020,0,20,James Blake House,Exterior & Interior (parcel 2942),210 East Cottage Street,Dorchester,4/25/1978,0702940000,Yes,http://bit.ly/1jYQY0u,48552.1352539062,935.928240795639
517,4057,3,4662,0304662000,03-06-635,0,6,International Trust Company Building,Exterior only (parcel 4662),45 Milk Street,Boston,4/25/1978,0304662000,Yes,http://bit.ly/PYzOF9,8440.923828125,378.744372347948
518,9081,2,3686,0203686000,02-01-135,0,59,Austin Block,Exterior only (Parcel 3686),90-92 Main Street,Charlestown,1/31/1981,0203686000,Yes,,1941.09130859375,187.44112914077
519,9333,20,6485,2006485000,20-18-030,0,73,Theodore Parker Unitarian Church,Exterior and windows,1851 Centre Street,West Roxbury,4/9/1985,2006485000,Yes,http://bit.ly/1ipNCzj,24218.6845703125,685.856766673997
520,14925,1,3615,0103615000,01-07-006,0,58,Trinity Neighborhood House,Exterior only (Parcel 3615),406 Meridian Street,East Boston,6/23/1981,0103615000,Yes,http://bit.ly/1qkUDpi,10762.9108886719,501.557396145489
521,27403,3,4580,0304580000,03-08-420,0,57,Proctor Building,Exterior only (Parcel 4580),100-6 Bedford Street,Boston,9/27/1983,0304580000,Yes,http://bit.ly/1qg9aVk,950.333984375,151.937914849019
522,30902,22,3772,2203772000,22-04-015,0,31,Oak Square School,Exterior only (Parcel 3772),35 Nonantum Street,Brighton,4/10/1979,2203772000,Yes,,24871.5791015625,731.346965359531
523,32911,3,4406,0304406000,03-06-490,0,52,United Shoe Machinery Company Building,Exterior and Interior lobby (Parcel 4406),140 Federal Street,Boston,12/20/1983,0304406000,Yes,,28352.6086425781,691.471990073657
524,33125,19,2186,1902186000,19-03-905,0,142,"Emerald Necklace Parks - Jamaica Pond, Olmsted Park and The Riverway","Landforms, Waterbodies, Vegetation, Roadways, Structures (Exterior) (Parcels 1994, 1994-1, 1965, 318, 1585, 2186)","Riverway, Jamaicaway","Fenway, JP",10/24/1989,1902186000,Yes,http://bit.ly/1eogG9l,9190669.6003418,33960.2444270993
525,33745,5,1157,0501157000,05-01-005,0,91,Berkeley Building,Exterior only,414-26 Boylston Street,Back Bay,7/9/1985,0501157000,Yes,http://bit.ly/1lGiOhU,17937.1228027344,536.786066451716
526,33822,1,5978,0105978000,01-06-015,0,156,39 Princeton Street (Architectural Conserv. Dist),Exterior only (Parcel 5978),39 Princeton Street,East Boston,3/26/1991,0105978000,Yes,,2523.58374023438,251.509281261657
527,34579,3,3881,0303881000,03-06-185,0,164,McCormack Federal Building,Exterior only (Parcel 3881),5 Post Office Square,Boston,3/20/1998,0303881000,Yes,,46515.7145996094,866.559455705089
528,39260,6,3925,0603925000,06-08-050,0,53,Harrison Loring House,Exterior & landscape elements (Parcel 3925),789 East Broadway,South Boston,6/23/1984,0603925000,Yes,http://bit.ly/1g3R9TB,13546.830078125,467.077840560843
529,39672,3,4828,0304828000,03-08-020,0,203,Modern Theatre,Exterior only,523-525 Washington Street,Boston,6/25/2002,0304828000,Yes,http://bit.ly/1kGuxvp,5071.07397460938,352.249456920383
530,41057,3,4830,0304830000,03-08-020,0,87,Keith Memorial Theater/Opera House,Exterior & Interior (parcel 4830),537-39 Washington St.,Theater,5/4/1999,0304830000,Yes,,32292.3654785156,892.6721960152
531,41621,3,4908,0304908000,03-08-055,0,29,Boylston Building,Exterior only (Parcel 4908),2 Boylston Street,Theater,11/30/1977,0304908000,Yes,http://bit.ly/1g1sEq2,15547.4536132812,539.631982210667
532,43267,1,3410,0103410000,01-08-040,0,3,Donald McKay House,Exterior & grounds (parcel 61090),80 White Street,East Boston,5/10/1977,0103410000,Yes,,12576.1723632812,533.622207457181
533,43757,3,4584-10,0304584010,03-06-665,0,113,Filene’s Complex,Exterior Only (parcel 0304584010),426 Washington Street,Boston,5/9/2006,0304584010,Yes,http://bit.ly/1ipl9d6,66216.2531738281,1038.30426620152
534,45056,12,1734,1201734000,12-03-050,0,190,Malcolm X – Ella Little-Collins House,Exterior only (Parcel 1734),72 Dale Street,Roxbury,10/16/1998,1201734000,Yes,http://bit.ly/OxgrC2,7251.32177734375,350.830707679332
535,49639,13,1312,1301312000,13-05-020,0,213.04,George Milliken House,Exterior only (Parcel 01312000),44 Virginia Street,Dorchester,1/23/2007,1301312000,Yes,http://bit.ly/1eoiIq3,7567.1826171875,351.459206509545
536,53456,3,5640,0305640000,03-08-070,0,85,Wang Theater,Interior Only (Parcels 5640 & 5640-1),268 Tremont Street,Theater,7/10/1990,0305640000,Yes,,21981.0910644531,1190.87667242211
537,55620,13,1551,1301551000,13-09-070,0,18,William Monroe Trotter House,Exterior & grounds (parcel 22110),97 Sawyer Avenue,Dorchester,10/25/1977,1301551000,Yes,,3977.2421875,259.84219260636
538,57051,3,4029,0304029000,03-06-580,0,143,Batterymarch Building,Exterior only (Parcel 4029),54 Batterymarch St.,Boston,  08/08/1995,0304029000,Yes,http://bit.ly/1iq1jzB,23792.2810058594,616.905576260962
539,60106,5,3038,0503038000,05-09-080,0,151,Burrage House,Interior,314 Commonwealth Ave,Back Bay,1/28/2003,0503038000,Yes,http://bit.ly/1qfPz5L,6917.16162109375,357.231032979357
540,64498,5,1135,0501135000,05-01-095,0,2,Armory of First Corps Cadets,Exterior only (Parcel 1135),130 Columbus Ave.,South Cove,5/10/1977,0501135000,Yes,http://bit.ly/1hxPmFI,28021.5334472656,728.300004650494
541,64644,3,3890,0303890000,03-06-715,0,175,Old State House,"Exterior & interior entries, rotunda, council chamber & Keayne, Whitmore & Representatives Hall (Parcel 3890)",208 Washington Street,Boston,10/11/1994,0303890000,Yes,,4588.80200195312,306.916817688541
542,68284,5,1259,0501259000,05-03-080,0,5,Public Garden,"Bounded by: Beacon, Arlington, Boylston, Charles",Beacon Street,Boston,5/10/1977,0501259000,Yes,http://bit.ly/1qkJlBG,1024117.64575195,4131.5922249858
543,68920,3,4966,0304966000,03-08-280,0,67,Liberty Tree Block,Exterior only (Parcel 4966),628-36 Washington St.,Theater,4/9/1985,0304966000,Yes,http://bit.ly/1ipzo1u,9162.06005859375,384.719640063535
544,69957,19,1290,1901290000,19-09-045,0,187,Loring-Greenough House,Exterior & interior (parcel 1290),12 South Street,Jamaica Plain,4/27/1999,1901290000,Yes,,77346.9904785156,1200.90033500093
545,74203,3,3940,0303940000,03-06-555,0,117,Flour & Grain Exchange,Exterior only (Parcel 3940),177 Milk Street,Boston,4/26/1994,0303940000,Yes,,11460.5080566406,431.631994128739
546,74810,3,4157,0304157000,03-06-590,0,26,Federal Reserve Bank,Exterior only,30 Pearl Street,Boston,10/10/1978,0304157000,Yes,http://bit.ly/PYuAcp,35987.0207519531,825.908227532583
547,75089,9,2855,0902855000,09-04-275,0,189,Vienna Brewery Complex,Exterior (Parcel 2855),133 Halleck & 37 Station,Roxbury,1/26/1999,0902855000,Yes,http://bit.ly/1hoEorO,17919.4384765625,538.040592445316
548,78527,3,4928,0304928000,03-08-060,0,25,Jacob Wirth's Restaurant,"Exterior & Interior volume, original features & furnishings (parcels 4928 & 4929)",31-39 Stuart Street,Theater,11/30/1977,0304928000,Yes,http://bit.ly/1hXf1fD,5048.70190429688,309.716997869434
549,80623,5,2,0500002000,05-01-025,0,88,Saxon Theater/Emerson Majestic,"Exterior & Interior volume, finishes, lighting, finishes & furniture (Parcel 2)",219-21 Tremont Street,Theater,8/12/1986,0500002000,Yes,,10386.1176757812,420.746119419119
550,84357,3,3689,0303689000,03-06-340,0,176,Faneuil Hall,"Exterior & Interior stair, great hall, galley, Rm 205, Ancient & Honorable Artillery, Commandery (Parcel 3689)",1-10 Faneuil Hall Sq.,Boston,12/13/1994,0303689000,Yes,http://bit.ly/1mVEglU,8746.28344726562,376.570252570735
551,85297,3,5645,0305645000,03-08-070,0,39,Wilbur Theater,"Exterior & Interior vestibule, lobby, auditorium, basement lounge and restroom anterooms (Parcel 5645)",250 Tremont Street,Theater,7/14/1987,0305645000,Yes,http://bit.ly/1oJsBII,9824.9375,433.668148152712
552,86280,3,4920,0304920000,03-08-060,0,17,Hayden Building,Exterior only (parcel 4920),681 Washington Street,Theater,11/30/1977,0304920000,Yes,http://bit.ly/1qg2xSL,1740.55078125,191.041258077676
553,87436,19,2803,1902803000,19-02-005,0,7,Adams Nervine Asylum,"Weld, Adams, Davis, Carriage, Boiler, Green, Directors Houses, Nurses Cottage, Landscape (parcel 2803)",990-1020 Centre Street,Jamaica Plain,5/10/1977,1902803000,Yes,http://bit.ly/1ipZvqk,394695.215820312,2691.11458124551
554,88580,5,2802,0502802000,05-06-020,0,149,Gibson House,"Interior volume, finishes, systems, plumbing, lighting (Parcel 2802)",137 Beacon Street,Back Bay,7/28/1992,0502802000,Yes,,2441.2724609375,267.609307579875
555,90793,3,4832-400,0304832400,03-08-020,0,23,Paramount Theater,"Exterior & Interior volume, finishes, lighting, fittings & furniture (Parcel 4832)",549-63 Washington St.,Theater District,2/14/1984,0304832400,Yes,http://bit.ly/OxlNwQ,38207.0222167969,1111.81149209615
556,92401,5,4175,0504175000,05-02-035,0,56,Back Bay Fens,Landscape & Park Structures,The Fenway,Fenway,11/1/1983,0504175000,Yes,http://bit.ly/1oHzSZu,4279103.27514648,14055.2555428679
557,95515,3,4005,0304005000,03-06-570,0,82,25-27 India Street,Exterior only (Parcel 4005),25-27 India Street,Boston,11/1/1983,0304005000,Yes,http://bit.ly/1ilHsAg,3713.80981445312,243.88140428535
558,95535,3,4001,0304001000,03-06-570,0,84,50-52 Broad Street,Exterior only (Parcel 4001),50-52 Broad Street,Boston,4/9/1985,0304001000,Yes,http://bit.ly/1kDw5pX,1776.43896484375,175.152297308033
559,97025,3,2885,0302885000,03-06-140,0,114,Ames Building,Exterior only (Parcel 2885),1 Court Square,Boston,11/23/1993,0302885000,Yes,http://bit.ly/1lGieAK,6611.10473632812,334.334707267068
560,98062,10,12,1000012000,10-01-005,0,200,Mission Church Complex,"Bounded by Tremont Street, St. Alphonsus Street, Smith Street, and Mission Hill Park",Mission Hill,Mission Hill,8/10/2004,1000012000,Yes,http://bit.ly/R0w8DL,104438.247802734,1330.41368481579
561,99351,3,4893,0304893000,03-08-050,0,28,Boston Young Men's Christian Union Building,Exterior only (Parcel 4893),48 Boylston Street,Theater,11/30/1977,0304893000,Yes,http://bit.ly/1fXVXgv,20228.3410644531,784.67535423952
562,0,0, , , ,0,19,Commonwealth Avenue Mall,"Landscape Features, monuments, street furniture, fences; Bounded by Kenmore, Arlington Street",Commonwealth Avenue ,Back Bay, , ,Yes,http://bit.ly/1jol0tL,574386.425292969,13788.734518149
564,0,2,3958-10,0203958010,02-01-245,0,129,Great House Archaeological Site,Interpretive Elements and Archaeology,City Square,Charlestown, , ,Yes,,52720.0236816406,913.292170089859
565,0,19,2802,1902802000,19-02-005,0,221.06,Lewis Dawson Farm House,"Exterior Only, designation extends to the landscape to the property lines on the east, south, and west, and 35' north of the house",1090 Centre Street,Jamaica Plain, , ,Yes,http://bit.ly/1g1X4Ml,222520.793701172,2196.74027087383
566,0,0, , , ,0,156,41 Princeton Street,Exterior Only,41 Princeton Street (Architectural Conservation District), , , ,Yes,,2523.37451171875,251.50394385868
567,0,0, , , ,0, ,Sidewalk Clock - Peabody Square,None,Peabody Square at the intersection of Dorchester Avenue and Ashmont Street,Dorchester, , ,Yes,,13.440673828125,14.6717689916465
569,0,0, , , ,0, ,Sidewalk Clock - 342 West Broadway,None,333 Massachusetts Avenue,South End, , ,Yes,,12.091552734375,13.9342282359824
570,0,0, , , ,0, ,Sidewalk Clock - 333 Massachusetts Ave,None,333 Massachusetts Avenue,South End, , ,Yes,,3.9033203125,7.95443835372475
572,0,0, , , ,0,223.07,Christian Science Center Complex,Exterior Only,"Bounded by Huntington Avenue, Horticultural Hall, Massachusetts Avenue, Clearway Street, Dalton Street, and Belvidere Street",Fenway,03/09/2011, ,Yes,http://bit.ly/1lGnbcZ,577201.814208984,3620.80165829252
573,0,0, , , ,0,229.07,Charles River Esplanade,See original application on file, ,Beacon Hill/Back Bay,6/23/09, ,Yes,http://bit.ly/1mVH67M,2655565.81762695,43875.2788259101
574,0,3,4814,304814000, ,0,232.08,Elizabeth Peabody Bookstore and Circulating Library,"Exterior only (Parcel 0304814000)
",13-15 West Street,Boston,11/23/11,304814000,Yes,http://bit.ly/1kGDfKd,1823.26538085938,192.892398509096
575,1265,5,812,0500812000,05-03-075,0,4,Boston Common,"Bounded by: Park, Beacon, Charles, Boylston Tremont",Beacon Street,Boston,5/10/1977,0500812000,Yes,http://bit.ly/1kDArNW,2098973.01977539,5940.55855145001
576,11693,21,1833,2101833000,21-09-045,0,72,St. Gabriel's Monastery Building,Exterior Only,159 Washington Street,Brighton,1/10/1989,2101833000,Yes,,19636.9013671875,914.067013984073
577,13468,14,4109,1404109000,14-14-055,0,217.05,Fowler Clark Farm,"Exteriors of house and barn and parcels 04151000, 04150000, 04149000, 04148000, 04147000, 04109000.",487 Norfolk Street,Mattapan,1/10/2006,1404109000,Yes,http://bit.ly/PLqLHJ,29534.0681152344,744.51378581569
578,21749,22,1857,2201857000,22-05-095,0,173,Allston Depot,Exterior and Specified Interior Features,15 Franklin Street,Allston,5/13/1997,2201857000,Yes,,24778.4577636719,660.486029651483
579,25375,3,4763,0304763000,03-06-670,0,69,20-30 Bromfield Street,Bromfield Street Facade (Parcel 4762 & 4763),20-30 Bromfield Street,Boston,3/8/1983,0304763000,Yes,,5492.83081054688,310.005012964938
580,31196,3,4578,0304578000,03-08-420,0,49,Church Green Buildings,"Exterior only (Parcels 4577, 4578)","101-3, 105-13 Summer St.",Boston,10/2/1979,0304578000,Yes,http://bit.ly/1jVNHyQ,10361.3984375,422.621387733028
581,45291,3,3870,0303870000,03-06-210,0,50,Stock Exchange Building,Exterior of State & Kilby Street facades back 60' from the street (Parcel 3870),53 State Street,Boston,1/2/1980,0303870000,Yes,,19578.9333496094,754.666599694375
582,46011,3,3346,0303346000,03-06-123,0,16,Ebenezer Hancock House,Exterior & original interior features (parcel 3346),Marshall Street,Boston,7/5/1978,0303346000,Yes,,2072.95629882812,182.927737705126
583,46875,3,3888,0303888000,03-06-190,0,97,Second Brazer Building,Exterior only (Parcel 3889),25-29 State Street,Boston,7/9/1985,0303888000,Yes,http://bit.ly/1jqEE8t,2759.287109375,215.495373027641
584,48987,3,3822-110,0303822110,03-06-290,0,108,U.S. Custom House,Exterior & Interior lobby & rotunda (Parcel 3822),McKinley Square,Boston,7/29/1986,0303822110,Yes,http://bit.ly/1oJsvRu,13267.498046875,498.390020371331
585,54220,21,2439,2102439000,21-16-035,0,107,Chestnut Hill Reservoir & Pump Station Complex,"Structures, Landscaping, Driveways, Reservoir (Parcels 2439, 2472, 2442-5)",2400-50 Beacon Street,Brighton,9/26/1989,2102439000,Yes,http://bit.ly/1qeQvJv,5363534.75048828,13222.0032461426
586,54620,9,3285,0903285000,09-05-070,0,48,Cox Building,Exterior only (Parcels 3282-3288),1-7 Dudley Street,Roxbury,7/10/1979,0903285000,Yes,,10914.6645507812,401.222181921628
587,56465,20,8964,2008964000,20-17-005,0,14,Brook Farm,"Print Shop Exterior & Landscape Features (parcels 8964, 8965, 8966)",670 Baker Street,West Roxbury,10/25/1977,2008964000,Yes,http://bit.ly/1h9ebwA,7404053.13574219,14364.7591758368
588,64197,4,1052,0401052000,04-02-020,0,99,Boston Public Library - Copley Branch,Exterior and Interior (Parcel 1052),700 Boylston Street,Back Bay,12/12/2000,0401052000,Yes,http://bit.ly/1lGjC6y,161762.336425781,1694.22660403213
589,75306,3,3868-10,0303868010,03-06-255,0,74A,5-7 Broad Street,Exterior only (Parcel 3868),5-7 Broad Street,Boston,11/1/1983,0303868010,Yes,,1217.6474609375,183.971394375912
590,78107,2,3733,0203733000,02-01-115,0,186,Edward Everett House,"Exterior & landscape features (ward 2, parcel 3733)",16 Harvard Street,Charlestown,10/22/1996,0203733000,Yes,http://bit.ly/1svXf7Q,4586.26977539062,275.906380691359
591,83850,19,2060,1902060000,19-03-060,0,145,Curley House,"Exterior & Interior entry hall, library, main hall, dining room & staircase (Petition 2060)",350 Jamaicaway,Jamaica Plain,9/26/1989,1902060000,Yes,,42445.6967773438,879.188862589387
592,91676,7,3999,0703999000,07-10-050,0,37,Dorchester North Burying Ground,"Topography, walkways, headstones, walls (Parcel 3999)",Columbia Road and Stoughton Street,Dorchester,11/1/1981,0703999000,Yes,http://bit.ly/1g1yeIP,143417.655029297,1810.07095250639
593,93588,3,3975,0303975000,03-06-385,0,79,102 Broad Street,Exterior only (part of Parcel 3975),102 Broad Street,Boston,11/1/1983,0303975000,Yes,,1718.9287109375,187.557185182599
594,96095,3,3995,0303995000,03-06-570,0,77,68 Broad Street,Exterior only (Parcel 3995),68 Broad Street,Boston,11/1/1983,0303995000,Yes,http://bit.ly/1hUBgmm,1025.06469726562,131.254072967561
595,96195,3,3990-10,0303990010,03-06-560,0,78,72 Broad Street,Exterior only (Parcel 3992),72 Broad Street,Boston,11/1/1983,0303990010,Yes,http://bit.ly/1hxOctQ,1885.60766601562,186.603950463832
597,0,0, , , ,0,35,Charlestown Savings Bank,Exterior Only,1-4 Thompson Square,Charlestown, , ,Yes,http://bit.ly/1jVLrrv,25090.798828125,753.624265296449
598,0,0, ,1600245010, ,0,55,Dorchester Pottery Works,Exterior and Kiln,101-105 Victory Rd.,Dorchester, , ,Yes,,25084.240234375,653.636639915373
599,0,21,77,2100077000,21-01-055,0,141,Sears Building,"Exterior only, Site parcels 2100077000 and 2100077010 are Protection Area",201 Brookline Ave,Fenway, , ,Yes,http://bit.ly/R0CkvA,388016.857177734,2493.82940218306
601,0,0, , , ,0,66,Blackstone Block,Streets and Sidewalks,"Marshall Street, Creek Square, Marsh Lane, Salt Lane, Scott Alley, and Public Alley 102",Boston, , ,Yes,http://bit.ly/1oHAajg,117321.307861328,1426.88314441729
602,0,0,3486, , ,0,42,Franklin Park,"Landscape Features, Park Structures ","Bounded by Forest Hills Street, Seaver Street, Blue Hill Avenue, American Legion Highway, Morton Street, and Forest Hills Cemetery",Roxbury, , ,Yes,http://bit.ly/1mVFgGJ,21436291.3032227,21172.4975636376
603,0,0, , , ,0,75,7-9 Broad Street,Exterior Only,7-9 Broad Street,Boston, , ,Yes,,870.6259765625,127.741063499064
604,0,0, , , ,0,76,64 Broad Street,Exterior Only,64 Broad Street,Boston, , ,Yes,http://bit.ly/1e9FoQr,798.50048828125,120.759729018059
605,0,3,3398,0303998000,03-06-570,0,83,66 Broad Street,Exterior only (Parcel 3996),66 Broad Street,Boston,11/1/1983,0303998000,Yes,http://bit.ly/1e5MJ2X,891.05908203125,125.102961603826
606,0,0, , , ,0,206.02,Charles River Speedway Administration Building,Exterior Only,1440 Soldiers Field Road, , , ,Yes,http://bit.ly/1hUHYsG,37473.4768066406,822.23350620915
607,0,0, , , ,0,230.08,Isabella Stewart Gardner Museum,"parcels 0401837000, 0401836000, 0401838000, 0401839000, 0401840000",280 The Fenway,Fenway,4/23/2013, ,Yes,http://bit.ly/1qkuoj0,75986.9047851562,1283.8980195947
916,,6,3888,0603888000,06-09-040,0,249,James Collins Mansion,0603888000,928 East Broadway,South Boston,07/09/2014,0603888000,Yes,,15710.453125,501.389073916533
919,,11,90-10,1100090010,11-01-010,,234.08,Alvah Kittredge House,1100090010,10 Linwood St,Roxbury,01/12/2016,1100090010,Yes,,5297.666015625,313.562144883089
920,,4,1754,0401754000,04-07-010,,242.11,Massachusetts Historical Society,0401754000,1154 Boylston St,Fenway,04/26/2016,0401754000,Yes,,11062.5607910156,439.929706780779
922,,17,2410-10,1702410010,17-01-085,,8,Roswell Gleason House,Demolished 10/82,101 Claybourne St,Dorchester,,1702410010,Yes,,25751.3696289062,709.166941629299
923,,3,3903,0303903000,03-06-175,,250.14,Winthrop-Carter Building,,1 Water Street,Boston,01/12/2016,0303903000,Yes,,6220.3115234375,410.385756016958
924,,3,3880,0303880000,03-06-230,,198,10 Post Office Square,,10 Post Office Square,Boston,,0303880000,Pending,,36444.7631835938,850.173353430729
927,,3,4039,0304039000,03-06-525,,124,109-113 Broad Street,,109-113 Broad Street,Boston,,0304039000,Pending,,3978.83374023438,337.334158224783
928,,3,4040,0304040000,03-06-525,,125,115-119 Broad Street,,115-119 Broad Street,Boston,,0304040000,Pending,,4176.57788085938,357.466194064439
929,,17,3550,1703550000,17-13-040,,228.07,1203-5 Adams Street,,1203-1205 Adams Street,Dorchester,,1703550000,Pending,,11323.6213378906,426.298585305712
930,,3,4041,0304041000,03-06-525,,126,123-125 Broad Street,,123-125 Broad Street,Boston,,0304041000,Pending,,3907.59497070312,375.891570370755
931,,3,4042,0304042000,03-06-525,,,127-133 Broad Street,,127-133 Broad Street,Boston,,0304042000,Pending,,3379.46655273438,271.946381311318
932,,11,3759-20,1103759020,11-08-100,,209.04,40 Orchardhill Road,,40 Orchardhill Road,Jamaica Plain,,1103759020,Pending,,5734.47705078125,299.558731417275
933,,13,1499,1301499000,13-09-060,,225.07,65 Pleasant Street,,65 Pleasant Street,Dorchester,,1301499000,Pending,,9821.52880859375,406.326826473723
934,64498,5,1135,0501135000,05-01-095,0,40,Armory of First Corps Cadets,Interior,130 Columbus Ave.,South Cove,,0501135000,Pending,,28021.5334472656,728.300004650494
935,,3,4831,0304831000,03-08-020,,171,Bijou Theater/Amusement Center,,543-547 Washington Street,Boston,,0304831000,Pending,,9827.21215820312,456.611811143119
936,,10,2038-10,1002038010,10-09-050,,214.05,Blessed Sacrament Church Complex,,"Centre, Creighton, Sunnyside Streets",Jamaica Plain,,1002038010,Pending,,135845.823486328,1605.14772744407
937,,3,3823,0303823000,03-06-270,,116,Board of Trade Building,,2-22 Broad Street,Boston,,0303823000,Pending,,15179.4609375,517.494810815548
938,,5,2826,0502826000,05-06-030,,227.07,Boston Center for Adult Education,,5 Commonwealth Avenue,Back Bay,,0502826000,Pending,,10026.1657714844,410.776721858147
939,,3,2615,0302615000,03-06-140,,224.07,Boston City Hall,,1 City Hall Plaza,Boston,,0302615000,Pending,,127107.997070312,1450.92297865898
940,,6,2673-2,0602673002,06-01-185,,183,Boston Fish Pier,,212-234 Northern Avenue,Boston,,0602673002,Pending,,540832.185791016,3336.94520172815
941,,22,3357,2203357000,22-13-050,,196,Boston Public Library - Faneuil Branch,,419 Faneuil Street,Brighton,,2203357000,Pending,,13300.0290527344,469.495485833408
942,,18,12032-20,1812032020,18-19-050,,205.02,Charles F Allen House,,18 Roxana Street,Hyde Park,,1812032020,Pending,,8775.7314453125,375.012770699888
943,,5,45,0500045000,05-01-025,,86,Colonial Theater,Interior,106 Boylston Street,Boston,,0500045000,Pending,,23913.2878417969,649.629572366505
945,,5,1489,0501489000,05-03-060,,24,Eben Jordan House,Interior,46 Beacon Street,Beacon Hill,,0501489000,Pending,,6831.9462890625,339.801120826433
946,,16,86-30,1600086030,16-02-075,,65,Elisha Loring House,,21 Mill Street,Dorchester,,1600086030,Pending,,24045.0925292969,605.614546117318
947,,22,3327,2203327000,22-07-030,,188,Faneuil Gatekeeper's House,,351 Faneuil Street,Brighton,,2203327000,Pending,,9055.79760742188,398.655504515384
948,,5,4203,0504203000,05-02-015,,184,Fenway Park,,24 Yawkey Way,Fenway,,0504203000,Pending,,327088.931640625,2301.72955592769
949,,9,3139,0903139000,09-05-045,,152,Ferdinand's Blue Store,,2260-2272 Washington Street,Roxbury,,0903139000,Pending,,37287.9157714844,860.372289485204
950,,3,3028-300,0303028300,03-01-010,,12,Commercial Wharf,,84 Atlantic Avenue,Waterfront,,0303028300,Pending,,85257.5285644531,1519.86520855607
951,,4,1087,0401087000,04-02-060,,147,Copley Plaza,Interior and Exterior,138 St James Avenue,Back Bay,,0401087000,Pending,,57002.6979980469,938.333991616978
952,,5,1358,0501358000,05-07-055,,130,First Baptist Church,Interior,110 Commonwealth Avenue,Back Bay,,0501358000,Pending,,18063.1328125,539.149133347882
953,,9,3294,0903294000,09-05-065,,122,First Church Roxbury - Putnam Chapel,Interior and Exterior,John Eliot Square,Roxbury,,0903294000,Pending,,90519.45703125,1269.86419651594
955,,5,2574,0502574000,05-06-010,,123,Fisher Junior College,Interior,118 Beacon Street,Back Bay,,0502574000,Pending,,6098.40698242188,382.389683195921
956,,4,1882,0401882000,04-10-145,,245.11,Harvard Medical School,,689 Huntington Avenue,Fenway,,0401882000,Pending,,487429.242675781,2766.48531154151
957,,4,1160,0401160000,04-05-005,,239.11,Horticultural Hall,,247 Huntington Avenue,Fenway,,0401160000,Pending,,22721.4321289062,647.676455675768
958,,16,1229,1601229000,16-03-015,,247.12,Industrial School for Girls,,232 Centre Street,Dorchester,,0601129000,Pending,,59052.9682617188,975.988637577471
959,,3,4734,0304734000,03-06-670,,110,Jeweler's Building,,371-3798 Washington Street,Boston,,0304734000,Pending,,18198.2468261719,620.294635620278
960,,3,4733,0304733000,03-06-675,,134,Hutchinson building,,32-54 Province Street,Boston,,0304733000,Pending,,4488.4775390625,366.34511746268
961,,1,5980,0105980000,01-06-015,,202.01,Joseph H. Barnes School,,127 Marion Street,East Boston,,0105980000,Pending,,40376.4135742188,803.757746359136
962,,3,4304-100,0304304100,03-08-335,,96,Lincoln Building,,60-70 Lincoln Street,Boston,,0304304100,Pending,,16805.3120117188,736.196894335283
963,,4,1861,0401861000,04-10-050,,146,Massachusetts College of Art,,364 Brookline Avenue,Fenway,,0401861000,Pending,,99001.2292480469,1260.20423624073
964,,4,1796,0401796000,04-09-080,,241.11,Museum of Fine Arts,,465 Huntington Avenue,Fenway,,0401796000,Pending,,499593.902587891,2859.32981607392
965,,3,3882,0303882000,03-06-190,,105,National Shawmut Bank Building,,70-84 Devonshire Street,Boston,,0303882000,Pending,,26138.7912597656,657.590704910323
966,,4,2246,0402246000,04-08-036,,236.11,New England Conservatory/Jordan Hall,Interior and Exterior,290 Huntington Avenue,Fenway,,0402246000,Pending,,45201.6079101562,848.331086011679
967,,3,4176,0304176000,03-06-505,,235.1,New England Telephone and Telegraph Building,,185 Franklin Street,Boston,,0304176000,Pending,,72717.6506347656,1128.24476869882
969,,22,3358,2203358000,22-13-050,,197,Oak Square Fire Station,,425 Faneuil Street,Brighton,,2203358000,Pending,,10040.2229003906,426.405936626274
970,,17,4599,1704599000,17-11-010,,258.16,O'Briens Market,,1911-1913 Dorchester Avenue,Dorchester,,1704599000,Pending,,9526.08154296875,391.310851296372
971,,3,2861,0302861000,03-06-165,,181,Old Corner Bookstore,,283 Washington Street,Boston,,0302861000,Pending,,5167.18603515625,345.452041938347
972,,3,3907,0303907000,03-06-180,,111,Old South Building,,280-300 Washington Street,Boston,,0303907000,Pending,,24579.6899414062,710.729711537736
973,,22,3728,2203728000,22-04-010,,216.05,Our Lady of Presentation School,,640 Washington Street,Brighton,,2203728000,Pending,,62632.7585449219,1196.92813410244
974,,22,3688,2203688000,22-04-005,,215.05,Our Lady of Presentation Church and Rectory ,,676-680 Washington Street,Brighton,,2203688000,Pending,,76708.869140625,1291.42143570012
975,,5,1151,0501151000,05-01-085,,166,Paine Furniture Building,,81 Arlington Street,Back Bay,,0501151000,Pending,,34749.3737792969,797.434097254541
976,,10,10-5,1000010005,10-01-005,,208.03,Boston Public Library - Parker Hill Branch,,1497 Tremont Street,Mission Hill,,1000010005,Pending,,11866.25390625,435.068852300054
977,,3,4696,0304696000,03-06-695,,61,Parker House,,60 School Street,Boston,,0304696000,Pending,,27607.7739257812,940.336290526052
978,,4,1147,0401147000,04-02-080,,135,Pope/Cahner's Building,,219-223 Columbus Avenue,Back Bay,,0401147000,Pending,,9830.61376953125,398.808823680129
979,,16,2617-5,1602617005,16-10-190,,219.06,Putnam Nail Factory [parcel 1602617005],,12 Ericsson Street,Dorchester,,1602617005,Pending,,16801.8728027344,561.592252968483
980,,16,2617-8,1602617008,16-10-190,,220.06,Putnam Nail Factory [parcel 1602617008],,12R Ericsson Street,Dorchester,,1602617008,Pending,,35747.2341308594,818.023384807276
981,,3,3746,0303746000,03-06-300,,95,Richards Building,,112-116 State Street,Boston,,0303746000,Pending,,2481.8681640625,199.91174700513
982,,3,4179,0304179000,03-06-425,,132,Richardson Block,,109-151 Pearl Street,Boston,,0304179000,Pending,,17587.8327636719,633.396044275268
992,,3,3248,0303248000,03-01-070,,210.04,Sacred Heart Church,,12 North Square,North End,,0303248000,Pending,,7107.43017578125,381.616880507856
993,,3,3833,0303833000,03-06-240,,118,Samuel Appleton Building,,110-114 Milk Street,Boston,,0303833000,Pending,,13845.0549316406,474.112435802455
994,,3,,0303670000,,,179,North Market Building,,300-399 Faneuil Hall Marketplace,Boston,,0303670000,Pending,,33049.9228515625,1242.43411667976
995,,3,3670,0303670000,,,178,South Market Building,,100-199 Faneuil Hall Marketplace,Boston,,0303670000,Pending,,35955.0180664062,1218.49586160158
996,,3,3670,0303670000,,,177,Quincy Market Building,Exterior and selected interior areas,200-299 Faneuil Hall Marketplace,Boston,,0303670000,Yes,,53096.4519042969,1376.21139633049
1002,,3,2318,0302318000,03-03-025,,33,St Leonard's Church,,31-35 Prince Street,North End,,0302318000,Pending,,8495.24047851562,416.316877366154
1003,,17,4048-10,1704048010,17-14-080,,211.04,Stoughton School,,36-40 River Street,Dorchester,,1704048010,Pending,,54120.1223144531,939.687640447384
1004,,4,1482,0401482000,04-08-020,,240.11,Symphony Hall,Exterior and Interior,301 Massachusetts Avenue,Fenway,,0401482000,Pending,,32729.7717285156,731.968163017666
1005,,3,4206,0304206000,03-06-485,,255.16,The Blue Cross Blue Shield Building,,1333 Federal Street,Boston,,0304206000,Pending,,20591.6384277344,589.411916783565
1007,,5,3752,0503752000,,,256.16,The CITGO Sign,On the roof of 660 Beacon Street,660 Beacon Street,Fenway,,0503752000,Pending,,1271.55737304688,204.248163950466
1008,,12,111,1200111000,12-01-075,,254.16,The Warren House,,130 Warren Street,Roxbury,,1200111000,Pending,,10671.6938476562,427.384940659097
1009,,3,4702-1,0304702001,03-06-695,,101,Tremont Temple,,88 Tremont Street,Boston,,0304702001,Pending,,12465.5642089844,466.619313659005
1010,,4,1091,0401091000,04-02-030,,109,Trinity Church,,206 Clarendon Street,Back Bay,,0401091000,Pending,,43992.2346191406,863.108550822802
1011,,11,706,1100706000,11-01-015,,243.11,William Lloyd Garrison House,,125 Highland Street,Roxbury,,110706000,Pending,,71914.8920898438,1195.30009335228
1012,,3,3888,0303888000,03-06-190,,104,Worthington Building,,31-33 State Street,Boston,,0303888000,Pending,,3103.23071289062,249.748039326403
1013,,8,1420,0801420000,,,121,"Gridley J.F. Bryant Buildings, Boston City Hospital",,Harrison Avenue,South End,,0801420000,Pending,,12690.9802246094,758.725801695332
1015,,2,3510,0203510000,,,115,The Ropewalk,,Charlestown Navy Yard,Charlestown,,0203510000,Pending,,66080.5227050781,2830.44526161137
1016,,,,,,,103,Quaker Lane,,Quaker Lane,Boston,,,Pending,,2760.47778320312,627.343331327018
1017,,1,3873,0103873000,,,,Sidewalk Clock - 9 Chelsea Street,,9 Chelsea Street,,,,Yes,,14.708740234375,15.5089221637602
